rnum,rank,rankInten,rankOldAndNew,movieCd,movieNm,openDt,salesAmt,salesShare,salesInten,salesChange,salesAcc,audiCnt,audiInten,audiChange,audiAcc,scrnCnt,showCnt,targetDt
1,1,0,OLD,20231089,존 윅 4,2023-04-12,1467837459,41.3,788457035,116.1,11742599842,138902,74905,117,1118053,1535,4592,20230422
2,2,0,OLD,20226270,스즈메의 문단속,2023-03-08,761403353,21.4,506736557,199,49996315086,74834,50202,203.8,4859965,995,2849,20230422
3,3,0,OLD,20226489,리바운드,2023-04-05,297109742,8.4,158513808,114.4,5506617128,30067,15793,110.6,572260,709,1639,20230422
4,4,0,OLD,20225865,옥수역귀신,2023-04-19,238837100,6.7,110527500,86.1,602689500,22358,10154,83.2,58996,314,927,20230422
5,5,0,OLD,20200154,킬링 로맨스,2023-04-14,158179565,4.5,74978570,90.1,1206313184,16251,7746,91.1,125507,614,1311,20230422
6,6,1,OLD,20228555,더 퍼스트 슬램덩크,2023-01-04,102631764,2.9,47742602,87,47192814471,9464,4323,84.1,4526412,324,487,20230422
7,7,29,OLD,20227890,슈퍼 마리오 브라더스,2023-04-26,98830540,2.8,97102540,5619.4,167497160,8477,8333,5786.8,15238,63,65,20230422
8,8,-2,OLD,20231244,렌필드,2023-04-19,73175915,2.1,14838430,25.4,327054596,7043,1177,20.1,33932,572,1346,20230422
9,9,0,OLD,20100312,인셉션,2010-07-21,67653500,1.9,30404000,81.6,45043896940,3661,1643,81.4,6008787,21,63,20230422
10,10,1,OLD,20231009,거울 속 외딴 성,2023-04-12,31376591,0.9,20283845,182.9,339148093,3280,2135,186.5,34310,121,138,20230422
1,1,0,OLD,20231089,존 윅 4,2023-04-12,679380424,42.7,263011814,63.2,10274762383,63997,22636,54.7,979151,1414,3997,20230421
2,2,0,OLD,20226270,스즈메의 문단속,2023-03-08,254666796,16.0,112382243,79,49234911733,24632,10183,70.5,4785131,857,2212,20230421
3,3,0,OLD,20226489,리바운드,2023-04-05,138595934,8.7,39568033,40,5209507386,14274,2971,26.3,542193,636,1391,20230421
4,4,0,OLD,20225865,옥수역귀신,2023-04-19,128309600,8.1,32518600,33.9,363852400,12204,2522,26,36638,283,849,20230421
5,5,0,OLD,20200154,킬링 로맨스,2023-04-14,83200995,5.2,16332915,24.4,1048133619,8505,619,7.8,109256,633,1389,20230421
6,6,0,OLD,20231244,렌필드,2023-04-19,58337485,3.7,7310046,14.3,253878681,5866,461,8.5,26889,519,1411,20230421
7,7,0,OLD,20228555,더 퍼스트 슬램덩크,2023-01-04,54889162,3.5,18778121,52,47090182707,5141,1672,48.2,4516948,291,415,20230421
8,8,3,OLD,20227863,라이스보이 슬립스,2023-04-19,19223883,1.2,5496106,40,109619193,2113,521,32.7,12154,233,321,20230421
9,9,1,OLD,20100312,인셉션,2010-07-21,37249500,2.3,7439000,25,44976243440,2018,335,19.9,6005126,21,64,20230421
10,10,-2,OLD,20231004,65,2023-04-20,18513910,1.2,-2107657,-10.2,41605477,1881,-264,-12.3,4273,425,620,20230421
1,1,0,OLD,20231089,존 윅 4,2023-04-12,416368610,37.6,-18390858,-4.2,9595381959,41361,-2051,-4.7,915154,1315,3622,20230420
2,2,0,OLD,20226270,스즈메의 문단속,2023-03-08,142284553,12.9,-15116729,-9.6,48980244937,14449,-1700,-10.5,4760499,785,1888,20230420
3,3,1,OLD,20226489,리바운드,2023-04-05,99027901,8.9,-5949430,-5.7,5070911452,11303,-374,-3.2,527919,619,1254,20230420
4,4,-1,OLD,20225865,옥수역귀신,2023-04-19,95791000,8.7,-39620800,-29.3,235542800,9682,-4450,-31.5,24434,271,807,20230420
5,5,1,OLD,20200154,킬링 로맨스,2023-04-14,66868080,6.0,517633,0.8,964932624,7886,417,5.6,100751,620,1388,20230420
6,6,-1,OLD,20231244,렌필드,2023-04-19,51027439,4.6,-40264318,-44.1,195541196,5405,-4420,-45,21023,531,1476,20230420
7,7,0,OLD,20228555,더 퍼스트 슬램덩크,2023-01-04,36111041,3.3,-3002777,-7.7,47035293545,3469,-252,-6.8,4511807,238,336,20230420
8,8,0,NEW,20231004,65,2023-04-20,20621567,1.9,20621567,100,23091567,2145,2145,100,2392,462,756,20230420
9,9,0,NEW,20070202,초속5센티미터,2007-06-21,17997600,1.6,17997600,100,306147229,2016,2016,100,49859,32,32,20230420
10,10,-1,OLD,20100312,인셉션,2010-07-21,29810500,2.7,-17119500,-36.5,44938993940,1683,-1095,-39.4,6003108,21,64,20230420
1,1,0,OLD,20231089,존 윅 4,2023-04-12,434759468,35.4,-64017401,-12.8,9179013349,43412,-5610,-11.4,873793,1358,3808,20230419
2,2,0,OLD,20226270,스즈메의 문단속,2023-03-08,157401282,12.8,746058,0.5,48837960384,16149,517,3.3,4746050,776,2013,20230419
3,3,0,NEW,20225865,옥수역귀신,2023-04-19,135411800,11.0,135411800,100,139751800,14132,14132,100,14752,277,867,20230419
4,4,-1,OLD,20226489,리바운드,2023-04-05,104977331,8.5,12984281,14.1,4971883551,11677,1681,16.8,516616,622,1323,20230419
5,5,0,NEW,20231244,렌필드,2023-04-19,91291757,7.4,91291757,100,144513757,9825,9825,100,15618,577,1892,20230419
6,6,-2,OLD,20200154,킬링 로맨스,2023-04-14,66350447,5.4,-24243855,-26.8,898064544,7469,-2173,-22.5,92865,635,1509,20230419
7,7,-2,OLD,20228555,더 퍼스트 슬램덩크,2023-01-04,39113818,3.2,-17832136,-31.3,46999182504,3721,-727,-16.3,4508338,252,376,20230419
8,8,0,NEW,20227863,라이스보이 슬립스,2023-04-19,26150273,2.1,26150273,100,76667533,3054,3054,100,8449,250,361,20230419
9,9,0,NEW,20100312,인셉션,2010-07-21,46930000,3.8,46930000,100,44909183440,2778,2778,100,6001425,21,64,20230419
10,10,0,NEW,20198482,드림,2023-04-26,22655000,1.8,22655000,100,38771000,2479,2479,100,4335,12,12,20230419
1,1,0,OLD,20231089,존 윅 4,2023-04-12,498776869,49.1,-61489999,-11,8744253881,49022,-6077,-11,830381,1418,4178,20230418
2,2,0,OLD,20226270,스즈메의 문단속,2023-03-08,156655224,15.4,-17701758,-10.2,48680559102,15632,-1794,-10.3,4729901,780,2252,20230418
3,3,0,OLD,20226489,리바운드,2023-04-05,91993050,9.1,-2717118,-2.9,4866906220,9996,145,1.5,504939,638,1550,20230418
4,4,0,OLD,20200154,킬링 로맨스,2023-04-14,90594302,8.9,7094113,8.5,831714097,9642,529,5.8,85396,809,2401,20230418
5,5,0,OLD,20228555,더 퍼스트 슬램덩크,2023-01-04,56945954,5.6,8015211,16.4,46960068686,4448,517,13.2,4504617,278,432,20230418
6,6,1,OLD,20231009,거울 속 외딴 성,2023-04-12,21669981,2.1,6209420,40.2,277096588,2301,776,50.9,27730,275,370,20230418
7,7,2,OLD,20210544,웅남이,2023-03-22,8480399,0.8,357399,4.4,2837524871,1140,204,21.8,309765,105,127,20230418
8,8,0,OLD,20231010,에어,2023-04-05,10565114,1.0,-6336,-0.1,1012026465,1058,9,0.9,103796,218,269,20230418
9,9,1,OLD,20226410,던전 앤 드래곤: 도적들의 명예,2023-03-29,10091597,1.0,2323401,29.9,2917957873,979,217,28.5,292065,161,223,20230418
10,10,0,NEW,20167904,라라랜드,2016-12-07,7050392,0.7,7050392,100,31093057900,875,875,100,3768585,50,55,20230418
1,1,0,OLD,20231089,존 윅 4,2023-04-12,560266868,52.1,-1265267257,-69.3,8245477012,55099,-116607,-67.9,781359,1398,4149,20230417
2,2,0,OLD,20226270,스즈메의 문단속,2023-03-08,174356982,16.2,-817554181,-82.4,48523903878,17426,-81164,-82.3,4714269,754,2308,20230417
3,3,0,OLD,20226489,리바운드,2023-04-05,94710168,8.8,-370956229,-79.7,4774913170,9851,-35990,-78.5,494943,636,1553,20230417
4,4,0,OLD,20200154,킬링 로맨스,2023-04-14,83500189,7.8,-91619153,-52.3,741119795,9113,-8276,-47.6,75754,811,2357,20230417
5,5,0,OLD,20228555,더 퍼스트 슬램덩크,2023-01-04,48930743,4.6,-96345876,-66.3,46903122732,3931,-7588,-65.9,4500169,268,420,20230417
6,6,0,NEW,20198482,드림,2023-04-26,16116000,1.5,16116000,100,16116000,1856,1856,100,1856,8,8,20230417
7,7,-1,OLD,20231009,거울 속 외딴 성,2023-04-12,15460561,1.4,-42832716,-73.5,255426607,1525,-4152,-73.1,25429,257,352,20230417
8,8,0,OLD,20231010,에어,2023-04-05,10571450,1.0,-22331876,-67.9,1001461351,1049,-2131,-67,102738,217,269,20230417
9,9,3,OLD,20210544,웅남이,2023-03-22,8123000,0.8,-7097527,-46.6,2829044472,936,-602,-39.1,308625,93,113,20230417
10,10,-3,OLD,20226410,던전 앤 드래곤: 도적들의 명예,2023-03-29,7768196,0.7,-32528462,-80.7,2907866276,762,-2913,-79.3,291086,164,218,20230417
1,1,0,OLD,20231089,존 윅 4,2023-04-12,1825534125,46.2,-532237550,-22.6,7685210144,171706,-49297,-22.3,726260,1505,4640,20230416
2,2,0,OLD,20226270,스즈메의 문단속,2023-03-08,991911163,25.1,-188297195,-16,48349546896,98590,-17611,-15.2,4696843,955,2933,20230416
3,3,0,OLD,20226489,리바운드,2023-04-05,465666397,11.8,-74614044,-13.8,4680203002,45841,-7658,-14.3,485092,726,1842,20230416
4,4,0,OLD,20200154,킬링 로맨스,2023-04-14,175119342,4.4,-72846929,-29.4,657619606,17389,-7068,-28.9,66641,935,2968,20230416
5,5,0,OLD,20228555,더 퍼스트 슬램덩크,2023-01-04,145276619,3.7,-40789480,-21.9,46854191989,11519,-3551,-23.6,4496238,294,461,20230416
6,6,0,OLD,20231009,거울 속 외딴 성,2023-04-12,58293277,1.5,-1710632,-2.9,239966046,5677,-187,-3.2,23904,335,445,20230416
7,7,0,OLD,20226410,던전 앤 드래곤: 도적들의 명예,2023-03-29,40296658,1.0,-11648130,-22.4,2900098080,3675,-975,-21,290324,203,285,20230416
8,8,0,OLD,20231010,에어,2023-04-05,32903326,0.8,-7317021,-18.2,990889901,3180,-603,-15.9,101689,262,334,20230416
9,9,1,OLD,20230484,치킨래빗: 잃어버린 보물을 찾아서,2023-03-18,29339600,0.7,-1975000,-6.3,611429400,3106,-69,-2.2,68007,104,146,20230416
10,10,1,OLD,20179462,위대한 쇼맨,2017-12-20,21783773,0.6,13354,0.1,13536013685,1983,-65,-3.2,1721355,46,55,20230416
1,1,0,OLD,20231089,존 윅 4,2023-04-12,2357771675,47.7,1230661761,109.2,5859676019,221003,115125,108.7,554554,1505,4779,20230415
2,2,0,OLD,20226270,스즈메의 문단속,2023-03-08,1180208358,23.9,831488568,238.4,47357635733,116201,82385,243.6,4598253,917,2932,20230415
3,3,1,OLD,20226489,리바운드,2023-04-05,540280441,10.9,338251285,167.4,4214536605,53499,32894,159.6,439251,764,1893,20230415
4,4,-1,OLD,20200154,킬링 로맨스,2023-04-14,247966271,5.0,49206278,24.8,482500264,24457,3349,15.9,49252,998,3395,20230415
5,5,0,OLD,20228555,더 퍼스트 슬램덩크,2023-01-04,186066099,3.8,110167993,145.2,46708915370,15070,9515,171.3,4484719,296,457,20230415
6,6,0,OLD,20231009,거울 속 외딴 성,2023-04-12,60003909,1.2,29029107,93.7,181672769,5864,2880,96.5,18227,334,445,20230415
7,7,1,OLD,20226410,던전 앤 드래곤: 도적들의 명예,2023-03-29,51944788,1.1,28797766,124.4,2859801422,4650,2449,111.3,286649,205,299,20230415
8,8,-1,OLD,20231010,에어,2023-04-05,40220347,0.8,16911254,72.6,957986575,3783,1499,65.6,98509,259,340,20230415
9,9,0,NEW,20227890,슈퍼 마리오 브라더스,2023-04-26,35220000,0.7,35220000,100,50588620,3522,3522,100,4982,18,18,20230415
10,10,17,OLD,20230484,치킨래빗: 잃어버린 보물을 찾아서,2023-03-18,31314600,0.6,30120500,2522.4,582089800,3175,3024,2002.6,64901,98,138,20230415
1,1,0,OLD,20231089,존 윅 4,2023-04-12,1127109914,52.7,356202995,46.2,3501904344,105878,30489,40.4,333551,1391,4259,20230414
2,2,0,OLD,20226270,스즈메의 문단속,2023-03-08,348719790,16.3,137914682,65.4,46177427375,33816,12754,60.6,4482052,783,2440,20230414
3,3,24,OLD,20200154,킬링 로맨스,2023-04-14,198759993,9.3,196159993,7544.6,234533993,21108,20908,10454,24795,970,3596,20230414
4,4,-1,OLD,20226489,리바운드,2023-04-05,202029156,9.4,62170756,44.5,3674256164,20605,5765,38.8,385752,658,1723,20230414
5,5,0,OLD,20228555,더 퍼스트 슬램덩크,2023-01-04,75898106,3.5,21509116,39.5,46522849271,5555,1340,31.8,4469649,264,394,20230414
6,6,0,OLD,20231009,거울 속 외딴 성,2023-04-12,30974802,1.4,3702289,13.6,121668860,2984,269,9.9,12363,310,457,20230414
7,7,0,OLD,20231010,에어,2023-04-05,23309093,1.1,941554,4.2,917766228,2284,28,1.2,94726,292,390,20230414
8,8,0,OLD,20226410,던전 앤 드래곤: 도적들의 명예,2023-03-29,23147022,1.1,7906309,51.9,2807856634,2201,676,44.3,281999,197,295,20230414
9,9,4,OLD,20179462,위대한 쇼맨,2017-12-20,12562661,0.6,4037533,47.4,13492459493,1187,375,46.2,1717324,43,56,20230414
10,10,-1,OLD,20227684,멍뭉이,2023-03-01,6392000,0.3,-1695500,-21,1774896586,735,-360,-32.9,189429,15,15,20230414
1,1,0,OLD,20231089,존 윅 4,2023-04-12,770906919,54.8,-373455087,-32.6,2374794430,75389,-37754,-33.4,227673,1532,4607,20230413
2,2,0,OLD,20226270,스즈메의 문단속,2023-03-08,210805108,15.0,-44854474,-17.5,45828707585,21062,-4919,-18.9,4448236,927,2991,20230413
3,3,0,OLD,20226489,리바운드,2023-04-05,139858400,9.9,-17633695,-11.2,3472227008,14840,-1989,-11.8,365147,761,2282,20230413
4,4,13,OLD,20231244,렌필드,2023-04-19,41179000,2.9,36733000,826.2,45625000,4505,4011,811.9,4999,25,25,20230413
5,5,0,OLD,20228555,더 퍼스트 슬램덩크,2023-01-04,54388990,3.9,2046182,3.9,46446951165,4215,-53,-1.2,4464094,273,452,20230413
6,6,-2,OLD,20231009,거울 속 외딴 성,2023-04-12,27272513,1.9,-21450032,-44,90694058,2715,-2352,-46.4,9379,314,497,20230413
7,7,-1,OLD,20231010,에어,2023-04-05,22367539,1.6,-3969879,-15.1,894457135,2256,-506,-18.3,92442,343,538,20230413
8,8,-1,OLD,20226410,던전 앤 드래곤: 도적들의 명예,2023-03-29,15240713,1.1,-3391065,-18.2,2784709612,1525,-370,-19.5,279798,239,391,20230413
9,9,2,OLD,20227684,멍뭉이,2023-03-01,8087500,0.6,1937500,31.5,1768504586,1095,354,47.8,188694,22,22,20230413
10,10,0,NEW,20227863,라이스보이 슬립스,2023-04-19,9324000,0.7,9324000,100,50198260,1036,1036,100,5363,7,7,20230413
1,1,0,NEW,20231089,존 윅 4,2023-04-12,1144362006,62.2,1144362006,100,1603887511,113143,113143,100,152284,1525,4665,20230412
2,2,-1,OLD,20226270,스즈메의 문단속,2023-03-08,255659582,13.9,-9831326,-3.7,45617902477,25981,-339,-1.3,4427174,922,3048,20230412
3,3,-1,OLD,20226489,리바운드,2023-04-05,157492095,8.6,-40352725,-20.4,3332368608,16829,-4441,-20.9,350307,750,2371,20230412
4,4,29,OLD,20231009,거울 속 외딴 성,2023-04-12,48722545,2.6,47722545,4772.3,63421545,5067,4967,4967,6664,324,539,20230412
5,5,0,OLD,20228555,더 퍼스트 슬램덩크,2023-01-04,52342808,2.8,-17653192,-25.2,46392562175,4268,456,12,4459879,272,444,20230412
6,6,-3,OLD,20231010,에어,2023-04-05,26337418,1.4,-20345798,-43.6,872089596,2762,-2078,-42.9,90186,351,547,20230412
7,7,-3,OLD,20226410,던전 앤 드래곤: 도적들의 명예,2023-03-29,18631778,1.0,-24611755,-56.9,2769468899,1895,-2397,-55.8,278273,237,403,20230412
8,8,7,OLD,20231035,카구야 님은 고백받고 싶어 -첫 키스는 끝나지 않아-,2023-04-06,15723800,0.9,8849700,128.7,167116100,1505,909,152.5,14817,74,125,20230412
9,9,-3,OLD,20210544,웅남이,2023-03-22,8922800,0.5,-11954195,-57.3,2771876447,1022,-1500,-59.5,302639,132,182,20230412
10,10,-3,OLD,20179462,위대한 쇼맨,2017-12-20,9137828,0.5,-7998114,-46.7,13471371704,882,-742,-45.7,1715325,42,57,20230412
1,1,0,OLD,20226270,스즈메의 문단속,2023-03-08,265490908,34.0,-45664276,-14.7,45362242895,26320,-4505,-14.6,4401193,1134,3963,20230411
2,2,0,OLD,20226489,리바운드,2023-04-05,197844820,25.3,-9654497,-4.7,3174876513,21270,-776,-3.5,333478,1031,3631,20230411
3,3,0,OLD,20231010,에어,2023-04-05,46683216,6.0,-1504384,-3.1,845752178,4840,-194,-3.9,87424,558,1470,20230411
4,4,1,OLD,20226410,던전 앤 드래곤: 도적들의 명예,2023-03-29,43243533,5.5,191452,0.4,2750837121,4292,-21,-0.5,276378,516,1053,20230411
5,5,-1,OLD,20228555,더 퍼스트 슬램덩크,2023-01-04,69996000,9.0,-9789500,-12.3,46340219367,3812,-537,-12.3,4455611,21,122,20230411
6,6,2,OLD,20210544,웅남이,2023-03-22,20876995,2.7,4278995,25.8,2762953647,2522,759,43.1,301617,314,476,20230411
7,7,0,OLD,20179462,위대한 쇼맨,2017-12-20,17135942,2.2,-5054722,-22.8,13462233876,1624,-581,-26.3,1714443,48,98,20230411
8,8,0,NEW,20227890,슈퍼 마리오 브라더스,2023-04-26,11624620,1.5,11624620,100,15368620,1044,1044,100,1460,3,3,20230411
9,9,6,OLD,20197654,소울메이트,2023-03-15,7235728,0.9,2587276,55.7,2256103380,948,437,85.5,233338,94,117,20230411
10,10,1,OLD,20230641,오토라는 남자,2023-03-29,7659797,1.0,1037201,15.7,320114710,933,89,10.5,35577,137,176,20230411
1,1,0,OLD,20226270,스즈메의 문단속,2023-03-08,311155184,35.8,-1234773206,-79.9,45096751987,30825,-123730,-80.1,4374873,1126,4088,20230410
2,2,0,OLD,20226489,리바운드,2023-04-05,207499317,23.8,-595405030,-74.2,2977031693,22046,-60854,-73.4,312208,1014,3734,20230410
3,3,2,OLD,20231010,에어,2023-04-05,48187600,5.5,-97068813,-66.8,799068962,5034,-9459,-65.3,82584,553,1538,20230410
4,4,2,OLD,20228555,더 퍼스트 슬램덩크,2023-01-04,79785500,9.2,-109131000,-57.8,46270223367,4349,-6456,-59.8,4451799,21,121,20230410
5,5,-1,OLD,20226410,던전 앤 드래곤: 도적들의 명예,2023-03-29,43052081,4.9,-125821356,-74.5,2707593588,4313,-12406,-74.2,272086,520,1083,20230410
6,6,0,NEW,20200154,킬링 로맨스,2023-04-14,33174000,3.8,33174000,100,33174000,3487,3487,100,3487,12,12,20230410
7,7,19,OLD,20179462,위대한 쇼맨,2017-12-20,22190664,2.5,19666864,779.3,13445097934,2205,1963,811.2,1712819,52,101,20230410
8,8,-1,OLD,20210544,웅남이,2023-03-22,16598000,1.9,-27683046,-62.5,2742076652,1763,-3030,-63.2,299095,280,422,20230410
9,9,7,OLD,20227684,멍뭉이,2023-03-01,10997500,1.3,3392500,44.6,1746900086,1222,385,46,185957,14,15,20230410
10,10,2,OLD,20230767,파벨만스,2023-03-22,9833454,1.1,-8752382,-47.1,704236972,1042,-793,-43.2,69612,120,153,20230410
1,1,0,OLD,20226270,스즈메의 문단속,2023-03-08,1545928390,46.1,-343679878,-18.2,44785596803,154555,-33196,-17.7,4344048,1323,5109,20230409
2,2,0,OLD,20226489,리바운드,2023-04-05,802904347,23.9,-84295396,-9.5,2769532376,82900,-7973,-8.8,290162,1154,4413,20230409
3,3,1,OLD,20231089,존 윅 4,2023-04-12,207856297,6.2,-22596911,-9.8,459525505,17993,-1907,-9.6,39141,173,364,20230409
4,4,-1,OLD,20226410,던전 앤 드래곤: 도적들의 명예,2023-03-29,168873437,5.0,-50270169,-22.9,2664541507,16719,-4638,-21.7,267773,623,1317,20230409
5,5,0,OLD,20231010,에어,2023-04-05,145256413,4.3,-52693051,-26.6,750881362,14493,-5402,-27.2,77550,629,1962,20230409
6,6,0,OLD,20228555,더 퍼스트 슬램덩크,2023-01-04,188916500,5.6,-37243500,-16.5,46190437867,10805,-1836,-14.5,4447450,22,126,20230409
7,7,0,OLD,20210544,웅남이,2023-03-22,44281046,1.3,-4838843,-9.9,2725478652,4793,-566,-10.6,297332,363,558,20230409
8,8,1,OLD,20230484,치킨래빗: 잃어버린 보물을 찾아서,2023-03-18,33462000,1.0,-1266500,-3.6,546366000,3557,6,0.2,61162,138,208,20230409
9,9,-1,OLD,20230764,오글리스: 웰컴 투 냄새 마을,2023-04-06,30223090,0.9,-1948798,-6.1,74771876,3406,-223,-6.1,8611,249,294,20230409
10,10,0,OLD,20231035,카구야 님은 고백받고 싶어 -첫 키스는 끝나지 않아-,2023-04-06,27178300,0.8,-12885900,-32.2,136089900,2383,-1137,-32.3,11980,107,221,20230409
1,1,0,OLD,20226270,스즈메의 문단속,2023-03-08,1889608268,47.3,1253016743,196.8,43239668413,187751,125125,199.8,4189493,1335,5351,20230408
2,2,0,OLD,20226489,리바운드,2023-04-05,887199743,22.2,515437861,138.6,1966628029,90873,51862,132.9,207262,1144,4649,20230408
3,3,1,OLD,20226410,던전 앤 드래곤: 도적들의 명예,2023-03-29,219143606,5.5,114655598,109.7,2495668070,21357,10842,103.1,251054,645,1388,20230408
4,4,0,NEW,20231089,존 윅 4,2023-04-12,230453208,5.8,230453208,100,251669208,19900,19900,100,21148,169,363,20230408
5,5,-2,OLD,20231010,에어,2023-04-05,197949464,5.0,79830665,67.6,605624949,19895,7874,65.5,63057,653,2190,20230408
6,6,-1,OLD,20228555,더 퍼스트 슬램덩크,2023-01-04,226160000,5.7,85980500,61.3,46001521367,12641,4846,62.2,4436645,21,125,20230408
7,7,-1,OLD,20210544,웅남이,2023-03-22,49119889,1.2,24640792,100.7,2681197606,5359,2770,107,292539,368,593,20230408
8,8,6,OLD,20230764,오글리스: 웰컴 투 냄새 마을,2023-04-06,32171888,0.8,26556688,472.9,44548786,3629,2931,419.9,5205,256,310,20230408
9,9,17,OLD,20230484,치킨래빗: 잃어버린 보물을 찾아서,2023-03-18,34728500,0.9,32784400,1686.4,512904000,3551,3304,1337.7,57605,140,217,20230408
10,10,-3,OLD,20231035,카구야 님은 고백받고 싶어 -첫 키스는 끝나지 않아-,2023-04-06,40064200,1.0,12685000,46.3,108911600,3520,1181,50.5,9597,103,232,20230408
1,1,0,OLD,20226270,스즈메의 문단속,2023-03-08,636591525,40.5,280299870,78.7,41350060145,62626,26318,72.5,4001742,1156,4456,20230407
2,2,0,OLD,20226489,리바운드,2023-04-05,371761882,23.6,128173838,52.6,1079428286,39011,12361,46.4,116389,1086,4264,20230407
3,3,0,OLD,20231010,에어,2023-04-05,118118799,7.5,19593956,19.9,407675485,12021,1302,12.1,43162,639,2021,20230407
4,4,0,OLD,20226410,던전 앤 드래곤: 도적들의 명예,2023-03-29,104488008,6.6,39764295,61.4,2276524464,10515,3694,54.2,229697,607,1430,20230407
5,5,0,OLD,20228555,더 퍼스트 슬램덩크,2023-01-04,140179500,8.9,48027000,52.1,45775361367,7795,2686,52.6,4424004,23,126,20230407
6,6,1,OLD,20210544,웅남이,2023-03-22,24479097,1.6,-1047425,-4.1,2632077717,2589,-466,-15.3,287180,331,547,20230407
7,7,-1,OLD,20231035,카구야 님은 고백받고 싶어 -첫 키스는 끝나지 않아-,2023-04-06,27379200,1.7,-14089000,-34,68847400,2339,-1399,-37.4,6077,100,234,20230407
8,8,0,OLD,20231144,곰돌이 푸: 피와 꿀,2023-04-06,16767089,1.1,1224966,7.9,33443212,1474,43,3,3031,189,254,20230407
9,9,4,OLD,20230767,파벨만스,2023-03-22,13937482,0.9,4200961,43.1,654617458,1386,379,37.6,64671,118,158,20230407
10,10,0,OLD,20230641,오토라는 남자,2023-03-29,10292793,0.7,955739,10.2,274906208,1315,188,16.7,30051,161,211,20230407
1,1,0,OLD,20226270,스즈메의 문단속,2023-03-08,356291655,33.7,-63079318,-15,40713468620,36308,-6934,-16,3939116,1101,3999,20230406
2,2,0,OLD,20226489,리바운드,2023-04-05,243588044,23.0,-59329316,-19.6,707666404,26650,-6239,-19,77378,1058,3934,20230406
3,3,0,OLD,20231010,에어,2023-04-05,98524843,9.3,-67800901,-40.8,289556686,10719,-7240,-40.3,31141,636,2026,20230406
4,4,1,OLD,20226410,던전 앤 드래곤: 도적들의 명예,2023-03-29,64723713,6.1,-28893369,-30.9,2172036456,6821,-4076,-37.4,219182,578,1298,20230406
5,5,-1,OLD,20228555,더 퍼스트 슬램덩크,2023-01-04,92152500,8.7,-127646500,-58.1,45635181867,5109,-8069,-61.2,4416209,21,123,20230406
6,6,0,NEW,20231035,카구야 님은 고백받고 싶어 -첫 키스는 끝나지 않아-,2023-04-06,41468200,3.9,41468200,100,41468200,3738,3738,100,3738,94,240,20230406
7,7,-1,OLD,20210544,웅남이,2023-03-22,25526522,2.4,-14667900,-36.5,2607598620,3055,-1367,-30.9,284591,350,573,20230406
8,8,22,OLD,20231144,곰돌이 푸: 피와 꿀,2023-04-06,15542123,1.5,14408123,1270.6,16676123,1431,1305,1035.7,1557,184,259,20230406
9,9,0,NEW,20231009,거울 속 외딴 성,2023-04-12,10521000,1.0,10521000,100,11439000,1169,1169,100,1271,4,4,20230406
10,10,-2,OLD,20230641,오토라는 남자,2023-03-29,9337054,0.9,1015661,12.2,264613415,1127,59,5.5,28736,151,187,20230406
1,1,0,OLD,20226270,스즈메의 문단속,2023-03-08,419370973,31.1,69569129,19.9,40357176965,43242,8151,23.2,3902808,1101,4074,20230405
2,2,3,OLD,20226489,리바운드,2023-04-05,302917360,22.5,278194360,1125.2,464078360,32889,30142,1097.3,50728,1102,4117,20230405
3,3,0,NEW,20231010,에어,2023-04-05,166325744,12.4,166325744,100,191031843,17959,17959,100,20422,656,2301,20230405
4,4,-1,OLD,20228555,더 퍼스트 슬램덩크,2023-01-04,219799000,16.3,106271249,93.6,45543029367,13178,3411,34.9,4411100,21,123,20230405
5,5,-3,OLD,20226410,던전 앤 드래곤: 도적들의 명예,2023-03-29,93617082,7.0,-19380880,-17.2,2107312743,10897,-625,-5.4,212361,616,1408,20230405
6,6,-2,OLD,20210544,웅남이,2023-03-22,40194422,3.0,-7517964,-15.8,2582072098,4422,-727,-14.1,281536,384,707,20230405
7,7,-1,OLD,20197654,소울메이트,2023-03-15,8960596,0.7,-7624716,-46,2190407078,1189,-727,-37.9,225475,103,129,20230405
8,8,-1,OLD,20230641,오토라는 남자,2023-03-29,8321393,0.6,-7964883,-48.9,255276361,1068,-739,-40.9,27609,151,213,20230405
9,9,-1,OLD,20230767,파벨만스,2023-03-22,10252996,0.8,-3641191,-26.2,630943455,1056,-380,-26.5,62278,122,168,20230405
10,10,0,NEW,20226881,뮤턴트 이스케이프,2023-04-05,7911800,0.6,7911800,100,7911800,961,961,100,961,116,227,20230405
1,1,0,OLD,20226270,스즈메의 문단속,2023-03-08,349801844,42.9,-48440810,-12.2,39937805992,35091,-4658,-11.7,3859566,1323,4632,20230404
2,2,0,OLD,20226410,던전 앤 드래곤: 도적들의 명예,2023-03-29,112997962,13.9,-5980845,-5,2013695661,11522,-567,-4.7,201464,952,2614,20230404
3,3,0,OLD,20228555,더 퍼스트 슬램덩크,2023-01-04,113527751,13.9,45954751,68,45323230367,9767,2935,43,4397922,544,1153,20230404
4,4,0,OLD,20210544,웅남이,2023-03-22,47712386,5.9,-6494121,-12,2541877676,5149,-559,-9.8,277114,542,1295,20230404
5,5,0,OLD,20226489,리바운드,2023-04-05,24723000,3.0,1104000,4.7,161161000,2747,110,4.2,17839,9,9,20230404
6,6,0,OLD,20197654,소울메이트,2023-03-15,16585312,2.0,-2433398,-12.8,2181446482,1916,-366,-16,224286,287,401,20230404
7,7,0,OLD,20230641,오토라는 남자,2023-03-29,16286276,2.0,-213261,-1.3,246954968,1807,53,3,26541,309,505,20230404
8,8,0,OLD,20230767,파벨만스,2023-03-22,13894187,1.7,197042,1.4,620690459,1436,27,1.9,61222,193,259,20230404
9,9,22,OLD,20227863,라이스보이 슬립스,2023-04-19,9531000,1.2,7941000,499.4,28567000,1059,953,899.1,2987,8,8,20230404
10,10,-1,OLD,20230340,에브리씽 에브리웨어 올 앳 원스+,2023-03-01,7782223,1.0,1000005,14.7,1060156214,806,103,14.7,103072,93,114,20230404
1,1,0,OLD,20226270,스즈메의 문단속,2023-03-08,398242654,49.6,-1800903059,-81.9,39588004148,39749,-178051,-81.7,3824475,1314,4748,20230403
2,2,0,OLD,20226410,던전 앤 드래곤: 도적들의 명예,2023-03-29,118978807,14.8,-315468272,-72.6,1900697699,12089,-29471,-70.9,189942,956,2657,20230403
3,3,0,OLD,20228555,더 퍼스트 슬램덩크,2023-01-04,67573000,8.4,-172165668,-71.8,45209702616,6832,-15309,-69.1,4388155,524,1108,20230403
4,4,0,OLD,20210544,웅남이,2023-03-22,54206507,6.8,-110186293,-67,2494165290,5708,-11244,-66.3,271965,538,1275,20230403
5,5,0,NEW,20226489,리바운드,2023-04-05,23619000,2.9,23619000,100,136438000,2637,2637,100,15092,13,13,20230403
6,6,-1,OLD,20197654,소울메이트,2023-03-15,19018710,2.4,-48533004,-71.8,2164861170,2282,-4203,-64.8,222370,289,433,20230403
7,7,0,OLD,20230641,오토라는 남자,2023-03-29,16499537,2.1,-21785461,-56.9,230668692,1754,-2120,-54.7,24734,311,499,20230403
8,8,0,OLD,20230767,파벨만스,2023-03-22,13697145,1.7,-23990234,-63.7,606796272,1409,-2260,-61.6,59786,201,271,20230403
9,9,2,OLD,20230340,에브리씽 에브리웨어 올 앳 원스+,2023-03-01,6782218,0.8,-9182725,-57.5,1052373991,703,-834,-54.3,102266,93,112,20230403
10,10,5,OLD,20227684,멍뭉이,2023-03-01,6779599,0.8,-253001,-3.6,1695705086,699,-15,-2.1,180418,12,14,20230403
1,1,0,OLD,20226270,스즈메의 문단속,2023-03-08,2199145713,64.2,-578795720,-20.8,39189761494,217800,-60542,-21.8,3784726,1540,6101,20230402
2,2,0,OLD,20226410,던전 앤 드래곤: 도적들의 명예,2023-03-29,434447079,12.7,-118570007,-21.4,1781718892,41560,-10973,-20.9,177853,1062,3446,20230402
3,3,0,OLD,20228555,더 퍼스트 슬램덩크,2023-01-04,239738668,7.0,-46354541,-16.2,45142129616,22141,-6835,-23.6,4381323,612,1299,20230402
4,4,0,OLD,20210544,웅남이,2023-03-22,164392800,4.8,-7214367,-4.2,2439958783,16952,-722,-4.1,266257,651,1695,20230402
5,5,0,OLD,20197654,소울메이트,2023-03-15,67551714,2.0,-29006598,-30,2145842460,6485,-2996,-31.6,220088,365,548,20230402
6,6,1,OLD,20230484,치킨래빗: 잃어버린 보물을 찾아서,2023-03-18,43869500,1.3,-2269300,-4.9,471035200,5038,25,0.5,53211,181,300,20230402
7,7,1,OLD,20230641,오토라는 남자,2023-03-29,38284998,1.1,-8698026,-18.5,214169155,3874,-895,-18.8,22980,342,582,20230402
8,8,1,OLD,20230767,파벨만스,2023-03-22,37687379,1.1,-8216571,-17.9,593099127,3669,-776,-17.5,58377,221,303,20230402
9,9,1,OLD,20173226,패왕별희 디 오리지널,2017-03-30,27358118,0.8,-18552354,-40.4,1134324280,2421,-1447,-37.4,121418,77,97,20230402
10,10,1,OLD,20230533,"귀멸의 칼날: 상현집결, 그리고 도공 마을로",2023-03-02,25087400,0.7,-2652900,-9.6,6569259100,2243,-315,-12.3,534370,117,167,20230402
1,1,0,OLD,20226270,스즈메의 문단속,2023-03-08,2777941433,62.9,1903418137,217.7,36990615781,278342,193107,226.6,3566926,1530,6248,20230401
2,2,0,OLD,20226410,던전 앤 드래곤: 도적들의 명예,2023-03-29,553017086,12.5,283636804,105.3,1347271813,52533,26457,101.5,136293,1075,3631,20230401
3,3,0,OLD,20228555,더 퍼스트 슬램덩크,2023-01-04,286093209,6.5,171310981,149.2,44902390948,28976,17923,162.2,4359182,615,1337,20230401
4,4,0,OLD,20210544,웅남이,2023-03-22,171607167,3.9,75461694,78.5,2275565983,17674,7062,66.5,249305,648,1753,20230401
5,5,0,OLD,20197654,소울메이트,2023-03-15,96558312,2.2,63280924,190.2,2078290746,9481,5957,169,213603,385,588,20230401
6,6,9,OLD,20230495,아임 히어로 더 파이널,2023-03-01,158061000,3.6,144863000,1097.6,5815856500,6437,5887,1070.4,240539,59,72,20230401
7,7,5,OLD,20230484,치킨래빗: 잃어버린 보물을 찾아서,2023-03-18,46138800,1.0,41286200,850.8,427165700,5013,4356,663,48173,185,312,20230401
8,8,-2,OLD,20230641,오토라는 남자,2023-03-29,46983024,1.1,14115052,42.9,175884157,4769,1265,36.1,19106,357,616,20230401
9,9,-2,OLD,20230767,파벨만스,2023-03-22,45903950,1.0,18773012,69.2,555411748,4445,1807,68.5,54708,219,295,20230401
10,10,69,OLD,20173226,패왕별희 디 오리지널,2017-03-30,45910472,1.0,45825472,53912.3,1106966162,3868,3857,35063.6,118997,79,103,20230401
1,1,0,OLD,20226270,스즈메의 문단속,2023-03-08,874523296,54.5,416642389,91,34212674348,85235,39545,86.6,3288584,1302,4978,20230331
2,2,0,OLD,20226410,던전 앤 드래곤: 도적들의 명예,2023-03-29,269380282,16.8,84863049,46,794254727,26076,7334,39.1,83760,1091,3576,20230331
3,3,2,OLD,20228555,더 퍼스트 슬램덩크,2023-01-04,114782228,7.2,46045718,67,44616297739,11053,4259,62.7,4330206,553,1149,20230331
4,4,-1,OLD,20210544,웅남이,2023-03-22,96145473,6.0,15456976,19.2,2103958816,10612,1158,12.2,231631,626,1729,20230331
5,5,3,OLD,20197654,소울메이트,2023-03-15,33277388,2.1,10233189,44.4,1981732434,3524,792,29,204122,348,572,20230331
6,6,1,OLD,20230641,오토라는 남자,2023-03-29,32867972,2.0,6133620,22.9,128901133,3504,586,20.1,14337,353,642,20230331
7,7,2,OLD,20230767,파벨만스,2023-03-22,27130938,1.7,10371108,61.9,509507798,2638,923,53.8,50263,217,298,20230331
8,8,3,OLD,20230340,에브리씽 에브리웨어 올 앳 원스+,2023-03-01,16238295,1.0,5426230,50.2,1007796363,1606,501,45.3,97919,97,128,20230331
9,9,-5,OLD,20080269,해피 투게더,1998-08-22,17072643,1.1,-48235700,-73.9,436614106,1574,-5573,-78,47222,120,232,20230331
10,10,0,OLD,20227684,멍뭉이,2023-03-01,13875797,0.9,963000,7.5,1672858392,1538,185,13.7,178067,21,29,20230331
1,1,0,OLD,20226270,스즈메의 문단속,2023-03-08,457880907,41.3,-201135744,-30.5,33338151052,45690,-37467,-45.1,3203349,1225,4458,20230330
2,2,0,OLD,20226410,던전 앤 드래곤: 도적들의 명예,2023-03-29,184517233,16.7,-130220979,-41.4,524874445,18742,-18502,-49.7,57684,1067,3296,20230330
3,3,1,OLD,20210544,웅남이,2023-03-22,80688497,7.3,-21677454,-21.2,2007813343,9454,-3853,-29,221019,609,1630,20230330
4,4,0,NEW,20080269,해피 투게더,1998-08-22,65308343,5.9,65308343,100,419541463,7147,7147,100,45648,140,281,20230330
5,5,-2,OLD,20228555,더 퍼스트 슬램덩크,2023-01-04,68736510,6.2,-76403962,-52.6,44501515511,6794,-11072,-62,4319153,521,1026,20230330
6,6,0,OLD,20226489,리바운드,2023-04-05,35865000,3.2,-6129000,-14.6,109759000,3909,-757,-16.2,12115,21,21,20230330
7,7,-2,OLD,20230641,오토라는 남자,2023-03-29,26734352,2.4,-10904617,-29,96033161,2918,-1952,-40.1,10833,339,619,20230330
8,8,-1,OLD,20197654,소울메이트,2023-03-15,23044199,2.1,-10158865,-30.6,1948455046,2732,-1240,-31.2,200598,305,468,20230330
9,9,-1,OLD,20230767,파벨만스,2023-03-22,16759830,1.5,-9737945,-36.8,482376860,1715,-1647,-49,47625,205,271,20230330
10,10,0,OLD,20227684,멍뭉이,2023-03-01,12912797,1.2,-2238503,-14.8,1658982595,1353,-289,-17.6,176529,17,22,20230330
1,1,0,OLD,20226270,스즈메의 문단속,2023-03-08,659016651,43.2,122093226,22.7,32880270145,83157,30849,59,3157659,1268,4621,20230329
2,2,0,NEW,20226410,던전 앤 드래곤: 도적들의 명예,2023-03-29,314738212,20.6,314738212,100,340357212,37244,37244,100,38942,1105,3599,20230329
3,3,0,OLD,20228555,더 퍼스트 슬램덩크,2023-01-04,145140472,9.5,73858406,103.6,44432779001,17866,10936,157.8,4312359,546,1077,20230329
4,4,-2,OLD,20210544,웅남이,2023-03-22,102365951,6.7,-10771719,-9.5,1927124846,13307,-138,-1,211565,662,1727,20230329
5,5,0,NEW,20230641,오토라는 남자,2023-03-29,37638969,2.5,37638969,100,69298809,4870,4870,100,7915,371,725,20230329
6,6,-1,OLD,20226489,리바운드,2023-04-05,41994000,2.8,10094000,31.6,73894000,4666,1126,31.8,8206,20,20,20230329
7,7,-1,OLD,20197654,소울메이트,2023-03-15,33203064,2.2,2985958,9.9,1925410847,3972,831,26.5,197866,353,552,20230329
8,8,-4,OLD,20230767,파벨만스,2023-03-22,26497775,1.7,-9297933,-26,465617030,3362,-371,-9.9,45910,203,281,20230329
9,9,-2,OLD,20230340,에브리씽 에브리웨어 올 앳 원스+,2023-03-01,14732487,1.0,-5886997,-28.6,980746003,1922,-147,-7.1,95208,94,124,20230329
10,10,-2,OLD,20227684,멍뭉이,2023-03-01,15151300,1.0,-1184027,-7.2,1646069798,1642,-124,-7,175176,25,32,20230329
1,1,0,OLD,20226270,스즈메의 문단속,2023-03-08,536923425,55.4,-53947997,-9.1,32221253494,52308,-5076,-8.8,3074502,1357,5006,20230328
2,2,0,OLD,20210544,웅남이,2023-03-22,113137670,11.7,-1701457,-1.5,1824758895,13445,997,8,198258,721,2339,20230328
3,3,0,OLD,20228555,더 퍼스트 슬램덩크,2023-01-04,71282066,7.4,-8680871,-10.9,44287638529,6930,-861,-11.1,4294493,550,1286,20230328
4,4,0,OLD,20230767,파벨만스,2023-03-22,35795708,3.7,2122854,6.3,439119255,3733,263,7.6,42548,388,639,20230328
5,5,0,NEW,20226489,리바운드,2023-04-05,31900000,3.3,31900000,100,31900000,3540,3540,100,3540,15,16,20230328
6,6,-1,OLD,20197654,소울메이트,2023-03-15,30217106,3.1,-2581363,-7.9,1892207783,3141,-242,-7.2,193894,478,879,20230328
7,7,-1,OLD,20230340,에브리씽 에브리웨어 올 앳 원스+,2023-03-01,20619484,2.1,272505,1.3,966013516,2069,39,1.9,93286,212,343,20230328
8,8,1,OLD,20227684,멍뭉이,2023-03-01,16335327,1.7,3162727,24,1630918498,1766,394,28.7,173534,46,54,20230328
9,9,-1,OLD,20230533,"귀멸의 칼날: 상현집결, 그리고 도공 마을로",2023-03-02,16737900,1.7,-4009400,-19.3,6486384600,1347,-312,-18.8,526606,160,300,20230328
10,10,0,OLD,20230495,아임 히어로 더 파이널,2023-03-01,27472500,2.8,2197500,8.7,5616474500,1145,91,8.6,232380,49,120,20230328
1,1,0,OLD,20226270,스즈메의 문단속,2023-03-08,590871422,58.8,-2595643171,-81.5,31684330069,57384,-251880,-81.4,3022194,1345,5073,20230327
2,2,0,OLD,20210544,웅남이,2023-03-22,114839127,11.4,-302080357,-72.5,1711621225,12448,-30077,-70.7,184813,707,2424,20230327
3,3,0,OLD,20228555,더 퍼스트 슬램덩크,2023-01-04,79962937,8.0,-239039457,-74.9,44216356463,7791,-22583,-74.3,4287563,565,1334,20230327
4,4,1,OLD,20230767,파벨만스,2023-03-22,33672854,3.3,-51724010,-60.6,403323547,3470,-4812,-58.1,38815,404,658,20230327
5,5,-1,OLD,20197654,소울메이트,2023-03-15,32798469,3.3,-129695689,-79.8,1861990677,3383,-12553,-78.8,190753,469,928,20230327
6,6,2,OLD,20230340,에브리씽 에브리웨어 올 앳 원스+,2023-03-01,20346979,2.0,-35148860,-63.3,945394032,2030,-3249,-61.5,91217,218,344,20230327
7,7,0,NEW,20230747,샷건 웨딩,2023-03-29,13979000,1.4,13979000,100,18666000,1997,1997,100,2646,6,6,20230327
8,8,-1,OLD,20230533,"귀멸의 칼날: 상현집결, 그리고 도공 마을로",2023-03-02,20747300,2.1,-54745300,-72.5,6469646700,1659,-4336,-72.3,525259,161,332,20230327
9,9,4,OLD,20227684,멍뭉이,2023-03-01,13172600,1.3,-3779783,-22.3,1614583171,1372,-375,-21.5,171768,36,42,20230327
10,10,1,OLD,20230495,아임 히어로 더 파이널,2023-03-01,25275000,2.5,-28101000,-52.6,5589002000,1054,-1171,-52.6,231235,49,114,20230327
1,1,0,OLD,20226270,스즈메의 문단속,2023-03-08,3186514593,69.0,-376584338,-10.6,31093458647,309264,-34043,-9.9,2964810,1572,6348,20230326
2,2,0,OLD,20210544,웅남이,2023-03-22,416919484,9.0,-68449922,-14.1,1596782098,42525,-7411,-14.8,172365,819,2953,20230326
3,3,0,OLD,20228555,더 퍼스트 슬램덩크,2023-01-04,319002394,6.9,-179959238,-36.1,44136393526,30374,-16032,-34.5,4279772,651,1643,20230326
4,4,0,OLD,20197654,소울메이트,2023-03-15,162494158,3.5,-5916749,-3.5,1829192208,15936,-848,-5.1,187370,591,1239,20230326
5,5,0,OLD,20230767,파벨만스,2023-03-22,85396864,1.8,-18107238,-17.5,369650693,8282,-1407,-14.5,35345,432,719,20230326
6,6,2,OLD,20230484,치킨래빗: 잃어버린 보물을 찾아서,2023-03-18,68158000,1.5,4703700,7.4,365828300,7062,309,4.6,41161,223,356,20230326
7,7,0,OLD,20230533,"귀멸의 칼날: 상현집결, 그리고 도공 마을로",2023-03-02,75492600,1.6,-15356900,-16.9,6448899400,5995,-1123,-15.8,523600,176,394,20230326
8,8,1,OLD,20230340,에브리씽 에브리웨어 올 앳 원스+,2023-03-01,55495839,1.2,-12210706,-18,925047053,5279,-1098,-17.2,89187,233,363,20230326
9,9,1,OLD,20239905,꼬마돼지 베이브의 바다 대모험,2023-03-23,29961878,0.6,-1886364,-5.9,70915319,3409,-151,-4.2,8101,315,368,20230326
10,10,1,OLD,20224780,모나리자와 블러드 문,2023-03-22,20861179,0.5,-5260598,-20.1,147766899,2309,-485,-17.4,16289,327,451,20230326
1,1,0,OLD,20226270,스즈메의 문단속,2023-03-08,3563098931,65.2,2438158590,216.7,27906944054,343307,238424,227.3,2655546,1559,6486,20230325
2,2,0,OLD,20210544,웅남이,2023-03-22,485369406,8.9,252827876,108.7,1179862614,49936,24813,98.8,129840,829,3123,20230325
3,3,0,OLD,20228555,더 퍼스트 슬램덩크,2023-01-04,498961632,9.1,361912562,264.1,43817391132,46406,33630,263.2,4249398,658,1695,20230325
4,4,0,OLD,20197654,소울메이트,2023-03-15,168410907,3.1,98220176,139.9,1666698050,16784,9985,146.9,171434,595,1284,20230325
5,5,0,OLD,20230767,파벨만스,2023-03-22,103504102,1.9,57517424,125.1,284253829,9689,5191,115.4,27063,450,757,20230325
6,6,4,OLD,20230495,아임 히어로 더 파이널,2023-03-01,199193500,3.6,172145500,636.4,5510351000,8300,7173,636.5,227956,50,129,20230325
7,7,0,OLD,20230533,"귀멸의 칼날: 상현집결, 그리고 도공 마을로",2023-03-02,90849500,1.7,51978700,133.7,6373406800,7118,4138,138.9,517605,181,413,20230325
8,8,8,OLD,20230484,치킨래빗: 잃어버린 보물을 찾아서,2023-03-18,63454300,1.2,58979700,1318.1,297670300,6753,6208,1139.1,34099,220,344,20230325
9,9,-3,OLD,20230340,에브리씽 에브리웨어 올 앳 원스+,2023-03-01,67706545,1.2,33241673,96.5,869551214,6377,3068,92.7,83908,234,390,20230325
10,10,7,OLD,20239905,꼬마돼지 베이브의 바다 대모험,2023-03-23,31848242,0.6,27303943,600.8,40953441,3560,3022,561.7,4692,319,373,20230325
1,1,0,OLD,20226270,스즈메의 문단속,2023-03-08,1124940341,61.3,449763915,66.6,24343845123,104883,38894,58.9,2312239,1315,5190,20230324
2,2,0,OLD,20210544,웅남이,2023-03-22,232541530,12.7,29054716,14.3,694493208,25123,1879,8.1,79904,771,2978,20230324
3,3,0,OLD,20228555,더 퍼스트 슬램덩크,2023-01-04,137049070,7.5,45772208,50.1,43318429500,12776,3830,42.8,4202992,595,1398,20230324
4,4,0,OLD,20197654,소울메이트,2023-03-15,70190731,3.8,14571330,26.2,1498287143,6799,780,13,154650,541,1161,20230324
5,5,0,OLD,20230767,파벨만스,2023-03-22,45986678,2.5,9153227,24.9,180749727,4498,703,18.5,17374,408,754,20230324
6,6,1,OLD,20230340,에브리씽 에브리웨어 올 앳 원스+,2023-03-01,34464872,1.9,9551189,38.3,801844669,3309,824,33.2,77531,219,384,20230324
7,7,1,OLD,20230533,"귀멸의 칼날: 상현집결, 그리고 도공 마을로",2023-03-02,38870800,2.1,10675500,37.9,6282557300,2980,724,32.1,510487,174,394,20230324
8,8,-2,OLD,20224780,모나리자와 블러드 문,2023-03-22,21233692,1.2,-3143783,-12.9,100783943,2191,-723,-24.8,11186,318,519,20230324
9,9,4,OLD,20230081,샤잠! 신들의 분노,2023-03-15,11988185,0.7,3512689,41.4,769832057,1164,310,36.3,72691,250,336,20230324
10,10,0,OLD,20230495,아임 히어로 더 파이널,2023-03-01,27048000,1.5,-39000,-0.1,5311157500,1127,-2,-0.2,219656,47,118,20230324
